nom,capacite,type_salle,equipement,batiment,etage,disponible
A101,25,classe,"Tableau interactif, Projecteur",Bâtiment A,1,TRUE
A102,25,classe,"Tableau interactif, Projecteur",Bâtiment A,1,TRUE
A103,25,classe,"Tableau interactif",Bâtiment A,1,TRUE
A201,30,classe,"Tableau interactif, Projecteur",Bâtiment A,2,TRUE
B101,20,laboratoire,"Paillasses, Hotte, Lavabos",Bâtiment B,1,TRUE
B102,20,laboratoire,"Paillasses, Microscopes",Bâtiment B,1,TRUE
C001,45,gymnase,"Matériel sportif complet",Bâtiment C,0,TRUE
C002,30,salle_musique,"Instruments, Sono",Bâtiment C,0,TRUE
D101,15,informatique,"30 ordinateurs, Vidéoprojecteur",Bâtiment D,1,TRUE
D102,15,informatique,"30 ordinateurs",Bâtiment D,1,TRUE
E101,40,aula,"Scène, Projecteur, Sono",Bâtiment E,1,TRUE
Bibliothèque,30,bibliothèque,"Postes informatiques, Espace lecture",Bâtiment E,0,TRUE
Atelier_techno,20,atelier,"Machines-outils, Établis",Bâtiment F,0,TRUE
Salle_arts,25,arts_visuels,"Tables hautes, Lavabos, Matériel artistique",Bâtiment F,1,TRUE
Préau,60,exterieur,"Couvert",Extérieur,0,TRUE
