nom,prenom,classe,numero_eleve
Alleman,Lucas,9VP1,9VP1001
Berger,Emma,9VP1,9VP1002
Chevalier,Noah,9VP1,9VP1003
Dubois,Léa,9VP1,9VP1004
Eberhardt,Hugo,9VP1,9VP1005
Favre,Chloé,9VP2,9VP2001
Gerber,Mathis,9VP2,9VP2002
Huber,Zoé,9VP2,9VP2003
Jacquet,Louis,9VP2,9VP2004
Keller,Sarah,9VP2,9VP2005
Lambert,Alexandre,9VG1,9VG1001
Maire,Camille,9VG1,9VG1002
Nicole,Maxime,9VG1,9VG1003
Perret,Manon,9VG1,9VG1004
Queloz,Thomas,9VG1,9VG1005
Reymond,Jade,10VP1,10VP1001
Savary,Antoine,10VP1,10VP1002
Testuz,Clara,10VP1,10VP1003
Ummel,Nathan,10VP1,10VP1004
Vallat,Océane,10VP1,10VP1005
Weber,Julien,10VG1,10VG1001
Ayer,Laura,10VG1,10VG1002
Blanc,Robin,10VG1,10VG1003
Clément,Alice,10VG1,10VG1004
Ducommun,Ethan,10VG1,10VG1005
