acronyme,nom,prenom,email
DUP,Dupont,Marie,marie.dupont@trois-sapins.ch
MAR,Martin,Jean,jean.martin@trois-sapins.ch
BER,Bernard,Sophie,sophie.bernard@trois-sapins.ch
ROB,Robert,Pierre,pierre.robert@trois-sapins.ch
LEF,Lefebvre,Anne,anne.lefebvre@trois-sapins.ch
MOR,Moreau,Luc,luc.moreau@trois-sapins.ch
SIM,Simon,Claire,claire.simon@trois-sapins.ch
LAU,Laurent,Marc,marc.laurent@trois-sapins.ch
BON,Bonnet,Julie,julie.bonnet@trois-sapins.ch
FRA,François,Thomas,thomas.francois@trois-sapins.ch
GIR,Girard,Isabelle,isabelle.girard@trois-sapins.ch
FAB,Fabre,Nicolas,nicolas.fabre@trois-sapins.ch
PER,Perrin,Émilie,emilie.perrin@trois-sapins.ch
ROU,Rousseau,David,david.rousseau@trois-sapins.ch
GAU,Gautier,Céline,celine.gautier@trois-sapins.ch
